day,I_true,I_observed_noisy,NLS_fitted,EKF_fitted,EINN_fitted_seed1
0.0,1.0,0.0,1.0,0.49502499876243755,1.0
1.0,1.1026261288876282,2.3663545870167386,1.356040161704967,1.6673135930275347,43.45018342581756
2.0,1.225390497506977,0.3547287595478912,1.5787784377744662,0.8887411054066982,-103.78106154134198
3.0,1.3683270677375583,1.1091538328031607,1.7271895257950778,1.0777710641710536,127.17767652321527
4.0,1.5323054830511078,1.4569621760405869,1.834457417775064,1.36747584894523,16.528424555759248
5.0,1.718855649337569,0.97797099725196,1.9192625757027006,1.1719301601365197,-31.90475840744694
6.0,1.930064414192675,0.5622717124097316,1.9921295698657324,0.8375876509517346,-24.734524388862614
7.0,2.1685217419804084,2.8174145441734484,2.0589968450286418,2.152480249523945,-14.654364007895971
8.0,2.4373015883137032,2.7983597013685984,2.123224283407056,2.627988143730569,-13.985398478836657
9.0,2.739967877014027,0.7871048140018373,2.186722222165837,1.5122677310797374,-17.14033056818745
10.0,3.080599467560229,5.4280091219390805,2.2505864017423125,4.106874244511722,-17.717921851983686
11.0,3.4638303433103026,4.432327249062226,2.315455061548851,4.43346014735595,-12.952385186238704
12.0,3.8949028442109865,3.13551566378648,2.3817097776182705,3.7049065626875812,-3.1129434688582722
13.0,4.379732864510668,5.2819311387229195,2.4495884280434677,4.8825508684254615,9.981929367107506
14.0,4.924986710409228,4.458033537088678,2.51924873829979,4.761631261680662,24.088060919205567
15.0,5.538169877406252,5.477480358669225,2.5908040383027813,5.407483867503194,37.1671064576923
16.0,6.227728439757763,7.016572784276963,2.6643433887981987,6.68174309419269,47.66771579305935
17.0,7.003164096252745,5.746495963113069,2.7399429202463446,6.27048955621621,54.60255957486706
18.0,7.875164222710455,8.451021737106384,2.817672230990061,7.966969567796662,57.51964581685629
19.0,8.855748566510627,10.254727561234347,2.897598003963255,9.801474606189185,56.42499701856156
20.0,9.95843449936906,11.280732560101846,2.9797860651862687,11.175196004780222,51.68739480366866
21.0,11.198423034169707,10.86280795846651,3.0643025609310928,11.392450318518026,43.94101954364127
22.0,12.592808119796874,13.729837121218788,3.1512146438712305,13.302019308229694,33.99392469534078
23.0,14.160812062673822,11.864519228390723,3.240590882246101,12.843542814905113,22.74623086982047
24.0,15.924050292239059,15.672148917967998,3.332501513916569,14.977085978747645,11.119842380146432
25.0,17.906829096581895,18.71171229197128,3.427018613656407,17.609373099436933,0.0003785255093985375
26.0,20.136480410568904,17.430940742994736,3.5242162126643275,18.411497746866644,-9.80863180099765
27.0,22.643738248907766,22.458767006715465,3.6241703941783263,21.28996276719965,-17.6196610883238
28.0,25.46316194804605,29.85489516952932,3.7269593698569956,25.75456798557548,-22.883867838471247
29.0,28.633612021541836,36.13034814405776,3.8326635542072807,31.162770528438692,-25.20344884165645
30.0,32.19878515229748,34.7017942418039,3.9413656339798644,35.0618017590375,-24.334723407771016
31.0,36.207815651456755,39.208115450234736,4.053150635034966,39.54266153858008,-20.183135777751463
32.0,40.71595161851756,36.81133944296105,4.168105991695763,41.312292160260036,-12.79143947623399
33.0,45.78531505217941,40.24809267822595,4.286321616993505,44.021543806911396,-2.3223644263143375
34.0,51.48575629982011,44.21446405682904,4.407889970654857,47.45477551879795,10.962931325513383
35.0,57.89581450993715,61.0311439911999,4.532906136856722,54.80985523763269,26.729353400740244
36.0,65.10379718266692,69.9992081728714,4.66146789164134,63.22268822577254,44.59409022387758
37.0,73.2089935166443,68.38627552022068,4.7936757883813605,70.15532504740615,64.1534195100319
38.0,82.32303804594719,72.20821228700922,4.929633225953531,76.74444552160739,85.00905385007937
39.0,92.57144307072546,94.955692500331,5.069446541384088,87.62997091501008,106.79307994628319
40.0,104.09532063362238,107.35249359578802,5.213225080180107,99.91949648576981,129.19065599978222
41.0,117.05331730792058,115.5221230795896,5.361081295460004,112.74408288718948,151.9597454861102
42.0,131.62378787166952,148.33978675657673,5.513130821557307,130.01762549076582,174.94728028624232
43.0,148.00723707667203,146.631325424576,5.669492579080772,146.27981915485188,198.10125957757384
44.0,166.42906221661198,165.3281191744778,5.830288853179472,164.65814580479318,221.4784011878246
45.0,187.14263309195726,166.4032157517175,5.995645403367512,180.9752596937394,245.24706775840573
46.0,210.43275030033556,213.2937276986874,6.165691548521425,204.88473062964246,269.68528977312707
47.0,236.61952759201904,268.4940180137923,6.34056027971675,235.33979397367932,295.1738001422777
48.0,266.06274936515354,267.68956399796525,6.520388354512471,265.2852154304145,322.1840795038222
49.0,299.16676028007714,301.28828940245046,6.70531641077863,298.98373508031125,351.26148670395895
50.0,336.3859504927236,350.9734798559248,6.895489072885264,338.64018067326447,383.00361416468814
51.0,378.23090718928864,388.7261968296061,7.091055064765384,382.3964573837691,418.03406260766684
52.0,425.2753109912855,447.8256358545104,7.29216733004688,433.0347938579034,456.97187437400106
53.0,478.16366443035724,503.82771096739805,7.4989831436182905,490.01885071112076,500.3969017135483
54.0,537.6199490964431,570.8636794445437,7.711664246293976,554.648027497884,548.8114214773972
55.0,604.4573182598084,556.4019063085933,7.930376956063065,613.6479697473202,602.5983514504329
56.0,679.5889427582966,699.978714116466,8.15529231580917,692.0782307590987,661.9764950008993
57.0,764.0401397026626,641.5873048648168,8.386586207265044,754.5319453418682,726.9533704420946
58.0,858.9619260280763,881.8789296939187,8.624439509528472,852.1073497629527,797.2764163970755
59.0,965.6461520065678,843.8179369966455,8.86903821829873,940.3552197227561,872.3837725560539
60.0,1085.5423832123959,1077.8056351317064,9.12057361366025,1058.6459158484124,951.3565096872659
61.0,1193.6955307023197,1250.2826351353317,9.379242387319746,1196.4189149326587,1032.8752426883707
62.0,1270.4033180918236,1217.7001586330346,9.645246817366253,1326.0422950906798,1115.1856432298694
63.0,1323.375116862217,1336.3066753248818,9.918794907101733,1464.4958487759975,1196.079605568504
64.0,1358.4462320599964,1135.6042890942495,10.200100563886913,1473.0040269507242,1272.9017809757636
65.0,1380.0332817734604,1261.728710968002,10.48938375348442,1306.8909366717112,1342.5947881053191
66.0,1391.478930214947,1487.251890839283,10.786870680208542,1404.4990025069842,1401.8001921402608
67.0,1395.3128510212928,1234.219854582686,11.092793960235626,1319.628365378823,1447.0352863709693
68.0,1393.4492790212878,1484.0865202829389,11.407392801231772,1416.5208606726392,1474.9658464732115
69.0,1387.3365563928267,1194.7243048143841,11.730913196736289,1357.8879151883762,1482.789219815322
70.0,1378.070342244165,1253.0266568864881,12.063608105311102,1365.3939186348393,1468.7261296724575
71.0,1366.4793126542154,1216.7917105525507,12.405737665833446,1362.0524930501012,1432.5890690182548
72.0,1353.1900367786577,1354.1569850985302,12.757569378832793,1414.6294464486327,1376.3482072376917
73.0,1338.6760881369528,1410.2095705915515,13.1193783401949,1474.9896562768695,1304.557355348458
74.0,1323.2952247796552,1182.2573813827053,13.49144742888168,1439.691703296714,1224.4502401673155
75.0,1307.3175346822543,1283.5932851473358,13.874067556544041,1455.8348066486628,1145.5039535431094
76.0,1290.9467425807256,1500.332081671782,14.267537864518257,1526.815078524729,1078.3333275589796
77.0,1274.3363402706161,1233.889931224105,14.67216598825688,1505.9095238881614,1032.9542161616525
78.0,1257.6017978791056,1155.0047609696117,15.088268266330532,1458.5125795896217,1016.7127743013164
79.0,1240.8298083335255,1288.7976851336443,15.516170017969351,1469.9264930549396,1032.4253864343702
80.0,1224.085285884484,1196.7099740240174,15.956205767537746,1447.940728072685,1077.3625627040344
81.0,1207.4166643633341,1122.693346796949,16.40871953307443,1402.4957420512576,1143.5275694373868
82.0,1190.8599082645503,977.0156254537665,16.874065069920828,1297.777187883839,1219.252297198137
83.0,1174.4415493731822,1270.5491104561956,17.35260616828948,1294.8999999529553,1291.647917447543
84.0,1158.180985676336,1092.0450407710441,17.84471691942635,1249.8019898158861,1349.1545801505251
85.0,1142.0922217788097,1142.181935985209,18.35078202084811,1227.2332909993982,1383.473573392649
86.0,1126.185186500171,1006.399319351458,18.871197067713215,1180.1532592203928,1390.4810153779135
87.0,1110.4667303675324,1255.017794843959,19.4063688653216,1189.3688985072627,1370.1210307159515
88.0,1094.9413807642784,1176.8290839546396,19.956715747401812,1187.666950002808,1325.5696961293395
89.0,1079.6119136039028,1185.5084453372517,20.52266789660704,1187.1914371516386,1262.0664374960834
90.0,1064.4797860967615,1052.7259399450368,21.104667690359566,1163.0499980862319,1185.756087639236
91.0,1049.5454643507392,1098.6556415019652,21.70317003123674,1150.2198509561233,1102.754440545645
92.0,1034.8086713503699,1126.9694714774528,22.31864272001833,1143.5373308811902,1018.5177739424577
93.0,1020.268574653725,1124.643005387616,22.951566798871003,1137.3318626495,937.5026925528952
94.0,1005.9239284486471,1037.3473210750317,23.602436950473734,1119.7152037316375,863.0544668627336
95.0,991.7731810533804,985.6336403510505,24.271761857590086,1097.1806911412066,797.4494960049675
96.0,977.8145562540924,942.664113073554,24.960064626968077,1070.8399487284155,742.0256157227333
97.0,964.0461148332935,891.8733823876281,25.667883168649475,1037.8776434015815,697.3503270277728
98.0,950.4658010998571,858.7003327760422,26.395770644313114,999.9243697916036,663.3939796071976
99.0,937.071478062913,970.8092989174,27.144295868420002,995.1703986503314,639.6889211826176
100.0,923.8609540072696,901.267700431266,27.91404378187149,982.2507527752306,625.4656538227198
101.0,910.8320025582872,729.0429951690967,28.705615876682593,937.4528737811269,619.763480641908
102.0,897.9823778170456,884.0414154053497,29.5196306958921,925.9649314545155,621.5168180335166
103.0,885.30982576275,979.4918183920182,30.35672428364972,926.0987040408403,629.6201535686889
104.0,872.8120928286481,848.7947856709833,31.217550712290834,909.8728941375123,642.9752550970013
105.0,860.4869323376696,701.0097974250068,32.10278255988379,861.1171863063748,660.5241927744561
106.0,848.3321093173691,837.7837843245528,33.01311146539057,858.6715150808741,681.2713595004894
107.0,836.3454040876097,901.9963874935571,33.94924863588024,862.4149126400083,704.2971722629595
108.0,824.5246149188946,841.1798964385948,34.91192543068936,860.3959193186364,728.7656226706633
109.0,812.8675599869466,778.0707772059341,35.901893900713,850.8728689932398,753.9273773663504
110.0,801.3720787943649,949.4887902450521,36.91992740242036,860.7838582395452,779.1197313802006
111.0,790.0360331887367,940.1391578412009,37.966821171907014,876.1038799727081,803.7643938729242
112.0,778.8573080751826,771.191402311565,39.043392969508496,836.9678766725121,827.3638305299969
113.0,767.8338118975457,830.2929031781947,40.15048369161835,837.2265221153879,849.4966904014692
114.0,756.9634769444375,786.6738686483716,41.288958046524456,830.1758557112238,869.8126966323043
115.0,746.244259522721,804.5589873841554,42.459705207277196,829.0079792262126,888.0272702944352
116.0,735.6741400306934,842.5875674037983,43.663639519394266,832.4498723822355,903.9160757609203
117.0,725.2511229554174,784.7352079965103,44.9017011980875,829.7917875025985,917.3096175966895
118.0,714.9732368127266,721.2439342215754,46.174857068949606,820.615340091632,928.0879770822859
119.0,704.838534043956,658.7769377361282,47.48410131239366,804.3630805386534,936.1757467940596
120.0,694.8450908800479,638.4315296384351,48.83045623890968,787.1488014580002,941.5372007760636
121.0,684.991007181117,683.2416653377559,50.214973084005756,777.6448782706599,944.171723220591
122.0,675.2744062576082,753.4836442321052,51.63873281857623,775.6836490123932,944.1095083855668
123.0,665.6934346777097,685.698911672151,53.10284699940497,766.3045670647275,941.4075373616363
124.0,656.2462620645597,659.7280846328551,54.60845861440882,753.4679313299556,936.1458323232167
125.0,646.9310808859474,663.5747753840698,56.15674299300466,741.638987231085,928.4239853599738
126.0,637.7461062385562,640.0255933708808,57.74890868873534,726.7923434541464,918.3579564561046
127.0,628.6895756283218,663.0937756106471,59.38619845014676,716.3611278456233,906.0771333243421
128.0,619.7597487480998,550.1631101195682,61.0698901481508,685.4699806993601,891.7216444185543
129.0,610.9549072535619,490.27618168078186,62.80129780283046,658.8703939503007,875.4399154054174
130.0,602.2733545380279,576.6676998809235,64.58177256867403,581.6112459207715,857.3864585760193
131.0,593.7134155067747,525.4913612121113,66.41270380764006,552.8883143101457,837.7198840851629
132.0,585.2734363512484,679.8031762667398,68.29552014947411,580.9736297329763,816.6011214640143
133.0,576.9517843235028,567.8084335952582,70.23169060021141,577.9990848712632,794.1918395595408
134.0,568.7468475111255,554.3647557138111,72.22272569201964,573.2969634731293,770.6530528825291
135.0,560.6570346128511,474.41934663666416,74.27017862569087,551.1853671229225,746.1439022879339
136.0,552.680774715025,568.2711274327721,76.37564650986432,553.3795285717741,720.8205979613986
137.0,544.8165170690456,510.8410979690819,78.54077154999914,547.4237050492632,694.8355128265847
138.0,537.06273086989,597.3116236944605,80.76724236927909,551.8662628731352,668.3364147137099
139.0,529.4179050358074,573.9536526269931,83.05679526232369,553.9191679348124,641.4658259352907
140.0,521.8805479892548,481.3880397756795,85.41121558111911,545.4929918850697,614.3604992786559
141.0,514.4491874391293,535.578461330491,87.8323390851293,544.65695402239,587.1509998480342
142.0,507.12237016435074,369.06255942412076,90.3220533630248,518.4159436225734,559.9613826537172
143.0,499.89866179883603,466.2402450098561,92.8822993142679,513.9049159570932,532.908956344906
144.0,492.7766466179034,554.1875332262077,95.51507259476224,516.270945282332,506.1041240103363
145.0,485.7549273261376,524.139671657312,98.22242522629074,516.7837631378419,479.6502925068067
146.0,478.83212484674544,487.22800986627925,101.00646710028437,514.6273565398255,453.6438423295137
147.0,472.00687811242693,470.6241527656102,103.86936767436782,511.24551383269943,428.1741505877397
148.0,465.277843857784,399.23099055919306,106.81335759568327,499.885601947152,403.32366019191176
149.0,458.64369641328733,396.2696982284495,109.84073042704881,489.55516269151644,379.1679888977864
150.0,452.1031275008197,462.2036339362523,112.95384445003467,487.14754668909063,355.7760723727767
151.0,445.6548460308112,524.1694001725355,116.15512439987124,488.58280688002645,333.2103359519778
152.0,439.29757790098176,343.9309127461779,119.44706343017425,471.3362572691691,311.52689023324757
153.0,433.03006579670364,460.24549320430395,122.83222493186032,469.79890848151854,290.7757461213544
154.0,426.85106899299615,452.5132069728717,126.31324456455542,467.8453859713213,271.00104536237757
155.0,420.7593631581628,460.7633902453474,129.89283227514895,466.5582534823573,252.24130302174356
156.0,414.75374015908005,378.70140953146444,133.5737743148672,458.00676896300007,234.5296587365173
157.0,408.83300786814675,387.2054526696029,137.35893548987553,451.26280019585533,217.89413393586173
158.0,402.99598997190066,404.837040703357,141.2512612288172,446.7916198573163,202.35789254701356
159.0,397.24152578130855,356.42290084855296,145.2537799279956,437.53343784333464,187.93950301213982
160.0,391.56847004373583,343.43337705661384,149.36960525642633,427.5520477916197,174.65319972307347
161.0,385.9756927565993,351.8802029421884,153.6019384632003,419.6978744489177,162.50914223285224
162.0,380.46207898270745,377.76485152434975,157.95407096154065,415.13315940487325,151.51367084177036
163.0,375.02652866729005,389.05452163818677,162.42938670352342,411.80406159739385,141.66955736367382
164.0,369.6679564567206,368.758804756564,167.03136483210346,407.09021426580773,132.97625007223525
165.0,364.3852915189318,367.2005562703119,171.76358237736972,402.601723069787,125.43011199868818
166.0,359.17747736552474,334.61285492834327,176.62971684961144,395.2937145274058,119.0246519096256
167.0,354.04347167557233,328.52268463289516,181.63354919608236,387.99082572074076,113.75074742690413
168.0,348.9822461211161,388.08999282592293,186.77896658845344,386.13419874112725,109.59685988138409
169.0,343.9927861943542,342.1072186230006,192.06996534081577,381.05218496348675,106.549240594767
170.0,339.07409103652026,336.2796551750616,197.51065410340436,375.84574932339757,104.59212838528101
171.0,334.2251732684487,365.5081983088261,203.10525680591547,373.28510585938284,103.70793817185864
172.0,329.44505882282544,370.24805242154684,208.85811593037533,371.19519552568374,103.87744063013687
173.0,324.73278677811857,366.0646305764925,214.77369589549207,368.9925126673774,105.07993291176577
174.0,320.0874091941867,333.0795080257883,220.85658625198718,364.53212547337887,107.293400496875
175.0,315.50799094955846,313.9201899992925,227.11150528963967,358.6416165505792,110.49467029551421
176.0,310.9936095803802,319.9912001539361,233.54330362567188,353.8208224187786,114.65955515051682
177.0,306.54335512102483,312.0398514962111,240.1569677056461,348.6622155375951,119.76298993110471
178.0,302.1563299463567,344.3820895465093,246.95762373011834,346.3687596698264,125.77915942993316
179.0,297.8316486156466,306.52972636135064,253.95054149420596,341.34409656770697,132.68161830206532
180.0,293.5684377181288,312.31001336315137,261.1411382108346,337.22955218928814,140.44340329685008
181.0,289.36583572019487,288.5588605780486,268.53498275900427,331.22971824104155,149.03713805163906
182.0,285.22299281421584,324.32854400552793,276.13779983293085,328.69158412085216,158.43513072425975
183.0,281.1390707689853,223.4266278373664,283.95547409066586,313.60769871152985,168.60946474640073
184.0,277.11324278177517,287.65765324389776,291.99405473092565,309.44643839981364,179.53208298722765
185.0,273.14469333199656,293.77778860365345,300.2597600185475,306.1104866132757,191.17486561411772
186.0,269.2326180364565,238.02516929734531,308.75898176083865,297.12652657976196,203.50970194303721
187.0,265.37622350620126,322.44034127374215,317.49829021304106,296.16757684592346,216.5085565603685
188.0,261.57472720493894,257.6440380607163,326.4844390531063,290.7712824824427,230.14353000420866
189.0,257.8273573090295,253.6721012745597,335.7243702012112,285.4768093166561,244.38691427971204
190.0,254.13335256903474,226.70111905431725,345.2252190468244,277.4791931458981,259.2112434840146
191.0,250.49196217281738,272.4843093995917,354.99431992096675,274.8137012244665,274.58933980369034
192.0,246.90244561017943,252.444600954623,365.0392113199989,270.83204283322823,290.49435514564607
193.0,243.3640725390298,228.96681332579237,375.367641464774,264.8546696877471,306.89980865075967
194.0,239.87612265307064,245.30362702196214,385.98757420989136,261.128530365981,323.77962033255636
195.0,236.43788555099206,252.66183965653696,396.9071948490022,258.2791125577462,341.1081410750471
196.0,233.04866060716418,261.3641802611468,408.1349159994166,256.22254211206786,358.860179213891
197.0,229.70775684381604,234.6708098072023,419.6793838650651,252.36827525474706,377.0110239172454
198.0,226.4144928046904,204.56948916826946,431.5494847429083,245.58165740412173,395.536465573223
199.0,223.16819643016294,210.74648044179102,443.75435132078405,239.5296880825509,414.41281338095007
200.0,219.96820493381497,169.4109845884702,456.30336932243716,227.3589080002519,433.61691033455406
201.0,216.8138646804484,200.94130917802988,469.2061844784635,223.01924303148937,453.1261457812481
202.0,213.7045310655311,229.44320944099778,482.47270961328326,221.59230771865106,472.91846572299266
203.0,210.63956839606166,220.4494052542352,496.1131316488272,219.67238516703682,492.9723810263847
204.0,207.61834977284144,205.37864504970574,510.13791898951536,216.701891583047,513.2669736938495
205.0,204.64025697414294,197.65309587548683,524.557829218365,213.31272241787522,533.7819013442909
206.0,201.7046803407618,233.6654685708696,539.3839168981406,212.6995158020372,554.4974000409933
207.0,198.81101866244123,204.422284833319,554.6275413514351,210.30025724361388,575.3942855977232
208.0,195.95867906565476,213.7820299943878,570.3003747895496,208.78111317550207,596.4539534876945
